{
  "project_info": {
    "project_number": "134112068584",
    "firebase_url": "https://beniepharma.firebaseio.com",
    "project_id": "beniepharma",
    "storage_bucket": "beniepharma.appspot.com"
  },
  "client": [
    {
      "client_info": {
        "mobilesdk_app_id": "1:134112068584:android:59aad86cc825a214",
        "android_client_info": {
          "package_name": "br.com.beniepharma"
        }
      },
      "oauth_client": [
        {
          "client_id": "134112068584-jfsgqnrf0imr06b0v0cua6jefsqvidhn.apps.googleusercontent.com",
          "client_type": 3
        }
      ],
      "api_key": [
        {
          "current_key": "AIzaSyAV5k-Wd3Ajagvs3lT4sgWSDE0jX3Gvxrc"
        }
      ],
      "services": {
        "analytics_service": {
          "status": 1
        },
        "appinvite_service": {
          "status": 1,
          "other_platform_oauth_client": []
        },
        "ads_service": {
          "status": 2
        }
      }
    }
  ],
  "configuration_version": "1"
}