{
  "IcoMoonType": "selection",
  "icons": [
    {
      "icon": {
        "paths": [
          "M600.2 214.4h37.8v81.8c-24.6-23-54-40.4-37.8-81.8z",
          "M512 219.2c67.6 67.4 136.8 136.6 207.4 207.2h-37v168.4h-127.8v-82.2h-84.6v82.4h-127.8v-168.2h-37.4c70.2-70.2 139.4-139.6 207.2-207.6z",
          "M877.6 208.8c-94.8-155.4-238.8-224.6-419.4-202.8-165.4 19.8-282.8 111.6-344 267-54.8 139-29.2 271.4 50.8 394.2 91.4 140.4 222.2 242.8 346.6 354.8 100.4-89.2 202.4-172.6 286.6-274.8 30.8-37.4 60.4-77.4 83.2-120 75-139.4 79.6-282-3.8-418.4zM511.6 766.4c-188-0.2-340.8-154-340-341.4 0.8-187.2 153.4-339 340.4-338.8 187.6 0 340.8 154 339.8 341.4-0.8 187.2-153.6 338.8-340.2 338.8z"
        ],
        "attrs": [
          {
            "fill": "rgb(255, 255, 255)"
          },
          {
            "fill": "rgb(255, 255, 255)"
          },
          {
            "fill": "rgb(255, 255, 255)"
          }
        ],
        "isMulticolor": false,
        "isMulticolor2": false,
        "grid": 0,
        "tags": [
          "icone_localização"
        ]
      },
      "attrs": [
        {
          "fill": "rgb(255, 255, 255)"
        },
        {
          "fill": "rgb(255, 255, 255)"
        },
        {
          "fill": "rgb(255, 255, 255)"
        }
      ],
      "properties": {
        "order": 6,
        "id": 1,
        "name": "location",
        "prevSize": 32,
        "code": 59649
      },
      "setIdx": 0,
      "setId": 2,
      "iconIdx": 0
    },
    {
      "icon": {
        "paths": [
          "M260 131.2c0 68.041-55.159 123.2-123.2 123.2s-123.2-55.159-123.2-123.2c0-68.041 55.159-123.2 123.2-123.2s123.2 55.159 123.2 123.2z",
          "M1004.8 131.2c0 68.041-55.159 123.2-123.2 123.2s-123.2-55.159-123.2-123.2c0-68.041 55.159-123.2 123.2-123.2s123.2 55.159 123.2 123.2z",
          "M260 892.8c0 68.041-55.159 123.2-123.2 123.2s-123.2-55.159-123.2-123.2c0-68.041 55.159-123.2 123.2-123.2s123.2 55.159 123.2 123.2z",
          "M1004.8 892.8c0 68.041-55.159 123.2-123.2 123.2s-123.2-55.159-123.2-123.2c0-68.041 55.159-123.2 123.2-123.2s123.2 55.159 123.2 123.2z",
          "M1016 512c0 36-14.4 68-37.6 91.2s-55.2 37.6-91.2 37.6h-246.4v234.4c0 71.2-57.6 128.8-128.8 128.8v0c-71.2 0-128.8-57.6-128.8-128.8v-234.4h-246.4c-71.2 0-128.8-57.6-128.8-128.8 0-36 14.4-68 37.6-91.2s55.2-37.6 91.2-37.6h246.4v-234.4c0-71.2 57.6-128.8 128.8-128.8v0c71.2 0 128.8 57.6 128.8 128.8v234.4h246.4c71.2-0 128.8 57.6 128.8 128.8z"
        ],
        "attrs": [
          {
            "fill": "rgb(255, 255, 255)"
          },
          {
            "fill": "rgb(255, 255, 255)"
          },
          {
            "fill": "rgb(255, 255, 255)"
          },
          {
            "fill": "rgb(255, 255, 255)"
          },
          {
            "fill": "rgb(255, 255, 255)"
          }
        ],
        "isMulticolor": false,
        "isMulticolor2": false,
        "tags": [
          "logo_branco"
        ],
        "grid": 0
      },
      "attrs": [
        {
          "fill": "rgb(255, 255, 255)"
        },
        {
          "fill": "rgb(255, 255, 255)"
        },
        {
          "fill": "rgb(255, 255, 255)"
        },
        {
          "fill": "rgb(255, 255, 255)"
        },
        {
          "fill": "rgb(255, 255, 255)"
        }
      ],
      "properties": {
        "order": 7,
        "id": 0,
        "name": "logo-branco",
        "prevSize": 32,
        "code": 59648
      },
      "setIdx": 0,
      "setId": 2,
      "iconIdx": 1
    }
  ],
  "height": 1024,
  "metadata": {
    "name": "icomoon"
  },
  "preferences": {
    "showGlyphs": true,
    "showQuickUse": true,
    "showQuickUse2": true,
    "showSVGs": true,
    "fontPref": {
      "prefix": "icon-",
      "metadata": {
        "fontFamily": "icomoon"
      },
      "metrics": {
        "emSize": 1024,
        "baseline": 6.25,
        "whitespace": 50
      },
      "embed": false
    },
    "imagePref": {
      "prefix": "icon-",
      "png": true,
      "useClassSelector": true,
      "color": 0,
      "bgColor": 16777215,
      "classSelector": ".icon"
    },
    "historySize": 50,
    "showCodes": true,
    "gridSize": 16
  }
}